Internal Part Number,Part Name,Manufacturer,Manufacturer Part Number
K5431-71410,"BELT(MOWER,105)",Kubota,K5431-71410
K5651-34712,"BELT(128.1,MULTI)",Kubota,K5651-34712
K5575-92344,"BLADE, MULCHING 48",Kubota,K5575-92344
K5651-34882,"PULLEY,TENSION",Kubota,K5651-34882
W2336-53410,"PIN, DOOR HINGE",Kubota,W2336-53410
3J080-35860,"VISOR, SUN",Kubota,3J080-35860
K3131-82563,"NET, SCREEN",Kubota,K3131-82563
TC403-14670,"SEAL,OIL",Kubota,TC403-14670
VF16661330,"BULB 12,8V 26,9/8,3W BA15D",Kubota,VF16661330
3J031-04120,CLAMP,Kubota,3J031-04120
77700-04783,"BOLT,M16x2x130mm G10.9 RDHD SQNK",Kubota,77700-04783
3S505-43510,"BEARING, TAPER RLR",Kubota,3S505-43510
E7176-00170,"PLUG,SPARK PLATINUM TIP (XC92PYC)",Kubota,E7176-00170
K7731-87052,"FILTER(IN,OUT)",Kubota,K7731-87052
70060-04263,"CYLINDER 2"" DIA.",Kubota,70060-04263